global_step, cost, loss, regul, learning_rate
0, 0.1376673267400407, 0.1376673267400407, 0.0, 0.35
1, 0.15403422224403004, 0.15403422224403004, 0.0, 0.35
2, 0.12693191687088612, 0.12693191687088612, 0.0, 0.35
3, 0.12500796560921892, 0.12500796560921892, 0.0, 0.35
4, 0.1249783647444127, 0.1249783647444127, 0.0, 0.35
5, 0.12497306315069064, 0.12497306315069064, 0.0, 0.35
6, 0.12497224269635661, 0.12497224269635661, 0.0, 0.35
7, 0.12497198133761205, 0.12497198133761205, 0.0, 0.35
