global_step, cost, loss, regul, learning_rate
0, 0.12728731894111822, 0.12728731894111822, 0.0, 0.75
