global_step, cost, loss, regul, learning_rate
0, 0.1272257937849383, 0.1272257937849383, 0.0, 1.0
1, 0.1355431574435419, 0.1355431574435419, 0.0, 1.0
2, 0.2339956891130733, 0.2339956891130733, 0.0, 1.0
3, 0.22147192654759632, 0.22147192654759632, 0.0, 1.0
4, 0.20353714159182013, 0.20353714159182013, 0.0, 1.0
5, 0.18143500948582397, 0.18143500948582397, 0.0, 1.0
