global_step, cost, loss, regul, learning_rate
0, 0.18231081603966273, 0.18231081603966273, 0.0, 0.35
1, 0.12829414425609398, 0.12829414425609398, 0.0, 0.35
2, 0.12503565169657005, 0.12503565169657005, 0.0, 0.35
3, 0.12497247012959778, 0.12497247012959778, 0.0, 0.35
4, 0.12497052968272694, 0.12497052968272694, 0.0, 0.35
