global_step, cost, loss, regul, learning_rate
0, 0.12505686817553152, 0.12505686817553152, 0.0, 1.75
1, 0.2541070396603972, 0.2541070396603972, 0.0, 1.75
2, 0.13297633304338213, 0.13297633304338213, 0.0, 1.75
3, 0.12043182815357087, 0.12043182815357087, 0.0, 1.75
4, 0.11951364469143026, 0.11951364469143026, 0.0, 1.75
5, 0.12073487555819387, 0.12073487555819387, 0.0, 1.75
