global_step, cost, loss, regul, learning_rate
0, 0.20286858152811316, 0.20286858152811316, 0.0, 0.5
1, 0.14910603085516694, 0.14910603085516694, 0.0, 0.5
2, 0.13878368790032106, 0.13878368790032106, 0.0, 0.5
3, 0.13488454937665315, 0.13488454937665315, 0.0, 0.5
4, 0.13257026430584365, 0.13257026430584365, 0.0, 0.5
5, 0.13092339184514376, 0.13092339184514376, 0.0, 0.5
6, 0.12964241845447735, 0.12964241845447735, 0.0, 0.5
7, 0.12860296415613467, 0.12860296415613467, 0.0, 0.5
