global_step, cost, loss, regul, learning_rate
0, 0.18028653853623391, 0.18028653853623391, 0.0, 0.35
1, 0.12817161301582541, 0.12817161301582541, 0.0, 0.35
2, 0.12505414160104156, 0.12505414160104156, 0.0, 0.35
3, 0.12500034954337788, 0.12500034954337788, 0.0, 0.35
