global_step, cost, loss, regul, learning_rate
0, 0.1274880299529882, 0.1274880299529882, 0.0, 0.75
